create database greatlakes;
create database takehome;
use takehome;
CREATE TABLE regions (
	region_id INT (11) UNSIGNED NOT NULL,
	region_name VARCHAR(25),
	PRIMARY KEY (region_id)
	);
select * from regions;
CREATE TABLE countries (
	country_id CHAR(2) NOT NULL,
	country_name VARCHAR(40),
	region_id INT (11) UNSIGNED NOT NULL,
	PRIMARY KEY (country_id)
);

CREATE TABLE locations (
	location_id INT (11) UNSIGNED NOT NULL AUTO_INCREMENT,
	street_address VARCHAR(40),
	postal_code VARCHAR(12),
	city VARCHAR(30) NOT NULL,
	state_province VARCHAR(25),
	country_id CHAR(2) NOT NULL,
	PRIMARY KEY (location_id)
	);
    
CREATE TABLE departments (
	department_id INT (11) UNSIGNED NOT NULL,
	department_name VARCHAR(30) NOT NULL,
	manager_id INT (11) UNSIGNED,
	location_id INT (11) UNSIGNED,
	PRIMARY KEY (department_id)
	);

CREATE TABLE jobs (
	job_id VARCHAR(10) NOT NULL,
	job_title VARCHAR(35) NOT NULL,
	min_salary DECIMAL(8, 0) UNSIGNED,
	max_salary DECIMAL(8, 0) UNSIGNED,
	PRIMARY KEY (job_id)
	);

CREATE TABLE employees (
	employee_id INT (11) UNSIGNED NOT NULL,
	first_name VARCHAR(20),
	last_name VARCHAR(25) NOT NULL,
	email VARCHAR(25) NOT NULL,
	phone_number VARCHAR(20),
	hire_date DATE NOT NULL,
	job_id VARCHAR(10) NOT NULL,
	salary DECIMAL(8, 2) NOT NULL,
	commission_pct DECIMAL(2, 2),
	manager_id INT (11) UNSIGNED,
	department_id INT (11) UNSIGNED,
	PRIMARY KEY (employee_id)
	);

CREATE TABLE job_history (
	employee_id INT (11) UNSIGNED NOT NULL,
	start_date DATE NOT NULL,
	end_date DATE NOT NULL,
	job_id VARCHAR(10) NOT NULL,
	department_id INT (11) UNSIGNED NOT NULL
	);

ALTER TABLE job_history ADD UNIQUE INDEX (
	employee_id,
	start_date
	);
use takehome;
    INSERT INTO regions
VALUES (
	1,
	'Europe'
	);

INSERT INTO regions
VALUES (
	2,
	'Americas'
	);

INSERT INTO regions
VALUES (
	3,
	'Asia'
	);

INSERT INTO regions
VALUES (
	4,
	'Middle East and Africa'
	);
    
select * from regions;

INSERT INTO countries
VALUES (
	'IT',
	'Italy',
	1
	);

INSERT INTO countries
VALUES (
	'JP',
	'Japan',
	3
	);

INSERT INTO countries
VALUES (
	'US',
	'United States of America',
	2
	);

INSERT INTO countries
VALUES (
	'CA',
	'Canada',
	2
	);

INSERT INTO countries
VALUES (
	'CN',
	'China',
	3
	);

INSERT INTO countries
VALUES (
	'IN',
	'India',
	3
	);

INSERT INTO countries
VALUES (
	'AU',
	'Australia',
	3
	);

INSERT INTO countries
VALUES (
	'ZW',
	'Zimbabwe',
	4
	);

INSERT INTO countries
VALUES (
	'SG',
	'Singapore',
	3
	);

INSERT INTO countries
VALUES (
	'UK',
	'United Kingdom',
	1
	);

INSERT INTO countries
VALUES (
	'FR',
	'France',
	1
	);

INSERT INTO countries
VALUES (
	'DE',
	'Germany',
	1
	);

INSERT INTO countries
VALUES (
	'ZM',
	'Zambia',
	4
	);

INSERT INTO countries
VALUES (
	'EG',
	'Egypt',
	4
	);

INSERT INTO countries
VALUES (
	'BR',
	'Brazil',
	2
	);

INSERT INTO countries
VALUES (
	'CH',
	'Switzerland',
	1
	);

INSERT INTO countries
VALUES (
	'NL',
	'Netherlands',
	1
	);

INSERT INTO countries
VALUES (
	'MX',
	'Mexico',
	2
	);

INSERT INTO countries
VALUES (
	'KW',
	'Kuwait',
	4
	);

INSERT INTO countries
VALUES (
	'IL',
	'Israel',
	4
	);

INSERT INTO countries
VALUES (
	'DK',
	'Denmark',
	1
	);

INSERT INTO countries
VALUES (
	'HK',
	'HongKong',
	3
	);

INSERT INTO countries
VALUES (
	'NG',
	'Nigeria',
	4
	);

INSERT INTO countries
VALUES (
	'AR',
	'Argentina',
	2
	);

INSERT INTO countries
VALUES (
	'BE',
	'Belgium',
	1
	);

select * from countries;

select region_id, concat(country_id, country_name) from countries;

select region_id, concat(country_id," ", country_name) combine from countries;

select region_id, concat(country_id," ", country_name) "combine columns" from countries;

INSERT INTO locations
VALUES (
	1000,
	'1297 Via Cola di Rie',
	'00989',
	'Roma',
	NULL,
	'IT'
	);

INSERT INTO locations
VALUES (
	1100,
	'93091 Calle della Testa',
	'10934',
	'Venice',
	NULL,
	'IT'
	);

INSERT INTO locations
VALUES (
	1200,
	'2017 Shinjuku-ku',
	'1689',
	'Tokyo',
	'Tokyo Prefecture',
	'JP'
	);

INSERT INTO locations
VALUES (
	1300,
	'9450 Kamiya-cho',
	'6823',
	'Hiroshima',
	NULL,
	'JP'
	);

INSERT INTO locations
VALUES (
	1400,
	'2014 Jabberwocky Rd',
	'26192',
	'Southlake',
	'Texas',
	'US'
	);

INSERT INTO locations
VALUES (
	1500,
	'2011 Interiors Blvd',
	'99236',
	'South San Francisco',
	'California',
	'US'
	);

INSERT INTO locations
VALUES (
	1600,
	'2007 Zagora St',
	'50090',
	'South Brunswick',
	'New Jersey',
	'US'
	);

INSERT INTO locations
VALUES (
	1700,
	'2004 Charade Rd',
	'98199',
	'Seattle',
	'Washington',
	'US'
	);

INSERT INTO locations
VALUES (
	1800,
	'147 Spadina Ave',
	'M5V 2L7',
	'Toronto',
	'Ontario',
	'CA'
	);

INSERT INTO locations
VALUES (
	1900,
	'6092 Boxwood St',
	'YSW 9T2',
	'Whitehorse',
	'Yukon',
	'CA'
	);

INSERT INTO locations
VALUES (
	2000,
	'40-5-12 Laogianggen',
	'190518',
	'Beijing',
	NULL,
	'CN'
	);

INSERT INTO locations
VALUES (
	2100,
	'1298 Vileparle (E)',
	'490231',
	'Bombay',
	'Maharashtra',
	'IN'
	);

INSERT INTO locations
VALUES (
	2200,
	'12-98 Victoria Street',
	'2901',
	'Sydney',
	'New South Wales',
	'AU'
	);

INSERT INTO locations
VALUES (
	2300,
	'198 Clementi North',
	'540198',
	'Singapore',
	NULL,
	'SG'
	);

INSERT INTO locations
VALUES (
	2400,
	'8204 Arthur St',
	NULL,
	'London',
	NULL,
	'UK'
	);

INSERT INTO locations
VALUES (
	2500,
	'Magdalen Centre, The Oxford Science Park',
	'OX9 9ZB',
	'Oxford',
	'Oxford',
	'UK'
	);

INSERT INTO locations
VALUES (
	2600,
	'9702 Chester Road',
	'09629850293',
	'Stretford',
	'Manchester',
	'UK'
	);

INSERT INTO locations
VALUES (
	2700,
	'Schwanthalerstr. 7031',
	'80925',
	'Munich',
	'Bavaria',
	'DE'
	);

INSERT INTO locations
VALUES (
	2800,
	'Rua Frei Caneca 1360 ',
	'01307-002',
	'Sao Paulo',
	'Sao Paulo',
	'BR'
	);

INSERT INTO locations
VALUES (
	2900,
	'20 Rue des Corps-Saints',
	'1730',
	'Geneva',
	'Geneve',
	'CH'
	);

INSERT INTO locations
VALUES (
	3000,
	'Murtenstrasse 921',
	'3095',
	'Bern',
	'BE',
	'CH'
	);

INSERT INTO locations
VALUES (
	3100,
	'Pieter Breughelstraat 837',
	'3029SK',
	'Utrecht',
	'Utrecht',
	'NL'
	);

INSERT INTO locations
VALUES (
	3200,
	'Mariano Escobedo 9991',
	'11932',
	'Mexico City',
	'Distrito Federal,',
	'MX'
	);

select * from locations;

INSERT INTO departments
VALUES (
	10,
	'Administration',
	200,
	1700
	);

INSERT INTO departments
VALUES (
	20,
	'Marketing',
	201,
	1800
	);

INSERT INTO departments
VALUES (
	30,
	'Purchasing',
	114,
	1700
	);

INSERT INTO departments
VALUES (
	40,
	'Human Resources',
	203,
	2400
	);

INSERT INTO departments
VALUES (
	50,
	'Shipping',
	121,
	1500
	);

INSERT INTO departments
VALUES (
	60,
	'IT',
	103,
	1400
	);

INSERT INTO departments
VALUES (
	70,
	'Public Relations',
	204,
	2700
	);

INSERT INTO departments
VALUES (
	80,
	'Sales',
	145,
	2500
	);

INSERT INTO departments
VALUES (
	90,
	'Executive',
	100,
	1700
	);

INSERT INTO departments
VALUES (
	100,
	'Finance',
	108,
	1700
	);

INSERT INTO departments
VALUES (
	110,
	'Accounting',
	205,
	1700
	);

INSERT INTO departments
VALUES (
	120,
	'Treasury',
	NULL,
	1700
	);

INSERT INTO departments
VALUES (
	130,
	'Corporate Tax',
	NULL,
	1700
	);

INSERT INTO departments
VALUES (
	140,
	'Control And Credit',
	NULL,
	1700
	);

INSERT INTO departments
VALUES (
	150,
	'Shareholder Services',
	NULL,
	1700
	);

INSERT INTO departments
VALUES (
	160,
	'Benefits',
	NULL,
	1700
	);

INSERT INTO departments
VALUES (
	170,
	'Manufacturing',
	NULL,
	1700
	);

INSERT INTO departments
VALUES (
	180,
	'Construction',
	NULL,
	1700
	);

INSERT INTO departments
VALUES (
	190,
	'Contracting',
	NULL,
	1700
	);

INSERT INTO departments
VALUES (
	200,
	'Operations',
	NULL,
	1700
	);

INSERT INTO departments
VALUES (
	210,
	'IT Support',
	NULL,
	1700
	);

INSERT INTO departments
VALUES (
	220,
	'NOC',
	NULL,
	1700
	);

INSERT INTO departments
VALUES (
	230,
	'IT Helpdesk',
	NULL,
	1700
	);

INSERT INTO departments
VALUES (
	240,
	'Government Sales',
	NULL,
	1700
	);

INSERT INTO departments
VALUES (
	250,
	'Retail Sales',
	NULL,
	1700
	);

INSERT INTO departments
VALUES (
	260,
	'Recruiting',
	NULL,
	1700
	);

INSERT INTO departments
VALUES (
	270,
	'Payroll',
	NULL,
	1700
	);

select * from departments;

INSERT INTO jobs
VALUES (
	'AD_PRES',
	'President',
	20000,
	40000
	);

INSERT INTO jobs
VALUES (
	'AD_VP',
	'Administration Vice President',
	15000,
	30000
	);

INSERT INTO jobs
VALUES (
	'AD_ASST',
	'Administration Assistant',
	3000,
	6000
	);

INSERT INTO jobs
VALUES (
	'FI_MGR',
	'Finance Manager',
	8200,
	16000
	);

INSERT INTO jobs
VALUES (
	'FI_ACCOUNT',
	'Accountant',
	4200,
	9000
	);

INSERT INTO jobs
VALUES (
	'AC_MGR',
	'Accounting Manager',
	8200,
	16000
	);

INSERT INTO jobs
VALUES (
	'AC_ACCOUNT',
	'Public Accountant',
	4200,
	9000
	);

INSERT INTO jobs
VALUES (
	'SA_MAN',
	'Sales Manager',
	10000,
	20000
	);

INSERT INTO jobs
VALUES (
	'SA_REP',
	'Sales Representative',
	6000,
	12000
	);

INSERT INTO jobs
VALUES (
	'PU_MAN',
	'Purchasing Manager',
	8000,
	15000
	);

INSERT INTO jobs
VALUES (
	'PU_CLERK',
	'Purchasing Clerk',
	2500,
	5500
	);

INSERT INTO jobs
VALUES (
	'ST_MAN',
	'Stock Manager',
	5500,
	8500
	);

INSERT INTO jobs
VALUES (
	'ST_CLERK',
	'Stock Clerk',
	2000,
	5000
	);

INSERT INTO jobs
VALUES (
	'SH_CLERK',
	'Shipping Clerk',
	2500,
	5500
	);

INSERT INTO jobs
VALUES (
	'IT_PROG',
	'Programmer',
	4000,
	10000
	);

INSERT INTO jobs
VALUES (
	'MK_MAN',
	'Marketing Manager',
	9000,
	15000
	);

INSERT INTO jobs
VALUES (
	'MK_REP',
	'Marketing Representative',
	4000,
	9000
	);

INSERT INTO jobs
VALUES (
	'HR_REP',
	'Human Resources Representative',
	4000,
	9000
	);

INSERT INTO jobs
VALUES (
	'PR_REP',
	'Public Relations Representative',
	4500,
	10500
	);

select * from jobs;

INSERT INTO employees
VALUES (
	100,
	'Steven',
	'King',
	'SKING',
	'515.123.4567',
	STR_TO_DATE('17-JUN-1987', '%d-%M-%Y'),
	'AD_PRES',
	24000,
	NULL,
	NULL,
	90
	);

INSERT INTO employees
VALUES (
	101,
	'Neena',
	'Kochhar',
	'NKOCHHAR',
	'515.123.4568',
	STR_TO_DATE('21-SEP-1989', '%d-%M-%Y'),
	'AD_VP',
	17000,
	NULL,
	100,
	90
	);

INSERT INTO employees
VALUES (
	102,
	'Lex',
	'De Haan',
	'LDEHAAN',
	'515.123.4569',
	STR_TO_DATE('13-JAN-1993', '%d-%M-%Y'),
	'AD_VP',
	17000,
	NULL,
	100,
	90
	);

INSERT INTO employees
VALUES (
	103,
	'Alexander',
	'Hunold',
	'AHUNOLD',
	'590.423.4567',
	STR_TO_DATE('03-JAN-1990', '%d-%M-%Y'),
	'IT_PROG',
	9000,
	NULL,
	102,
	60
	);

INSERT INTO employees
VALUES (
	104,
	'Bruce',
	'Ernst',
	'BERNST',
	'590.423.4568',
	STR_TO_DATE('21-MAY-1991', '%d-%M-%Y'),
	'IT_PROG',
	6000,
	NULL,
	103,
	60
	);

INSERT INTO employees
VALUES (
	105,
	'David',
	'Austin',
	'DAUSTIN',
	'590.423.4569',
	STR_TO_DATE('25-JUN-1997', '%d-%M-%Y'),
	'IT_PROG',
	4800,
	NULL,
	103,
	60
	);

INSERT INTO employees
VALUES (
	106,
	'Valli',
	'Pataballa',
	'VPATABAL',
	'590.423.4560',
	STR_TO_DATE('05-FEB-1998', '%d-%M-%Y'),
	'IT_PROG',
	4800,
	NULL,
	103,
	60
	);

INSERT INTO employees
VALUES (
	107,
	'Diana',
	'Lorentz',
	'DLORENTZ',
	'590.423.5567',
	STR_TO_DATE('07-FEB-1999', '%d-%M-%Y'),
	'IT_PROG',
	4200,
	NULL,
	103,
	60
	);

INSERT INTO employees
VALUES (
	108,
	'Nancy',
	'Greenberg',
	'NGREENBE',
	'515.124.4569',
	STR_TO_DATE('17-AUG-1994', '%d-%M-%Y'),
	'FI_MGR',
	12000,
	NULL,
	101,
	100
	);

INSERT INTO employees
VALUES (
	109,
	'Daniel',
	'Faviet',
	'DFAVIET',
	'515.124.4169',
	STR_TO_DATE('16-AUG-1994', '%d-%M-%Y'),
	'FI_ACCOUNT',
	9000,
	NULL,
	108,
	100
	);

INSERT INTO employees
VALUES (
	110,
	'John',
	'Chen',
	'JCHEN',
	'515.124.4269',
	STR_TO_DATE('28-SEP-1997', '%d-%M-%Y'),
	'FI_ACCOUNT',
	8200,
	NULL,
	108,
	100
	);

INSERT INTO employees
VALUES (
	111,
	'Ismael',
	'Sciarra',
	'ISCIARRA',
	'515.124.4369',
	STR_TO_DATE('30-SEP-1997', '%d-%M-%Y'),
	'FI_ACCOUNT',
	7700,
	NULL,
	108,
	100
	);

INSERT INTO employees
VALUES (
	112,
	'Jose Manuel',
	'Urman',
	'JMURMAN',
	'515.124.4469',
	STR_TO_DATE('07-MAR-1998', '%d-%M-%Y'),
	'FI_ACCOUNT',
	7800,
	NULL,
	108,
	100
	);

INSERT INTO employees
VALUES (
	113,
	'Luis',
	'Popp',
	'LPOPP',
	'515.124.4567',
	STR_TO_DATE('07-DEC-1999', '%d-%M-%Y'),
	'FI_ACCOUNT',
	6900,
	NULL,
	108,
	100
	);

INSERT INTO employees
VALUES (
	114,
	'Den',
	'Raphaely',
	'DRAPHEAL',
	'515.127.4561',
	STR_TO_DATE('07-DEC-1994', '%d-%M-%Y'),
	'PU_MAN',
	11000,
	NULL,
	100,
	30
	);

INSERT INTO employees
VALUES (
	115,
	'Alexander',
	'Khoo',
	'AKHOO',
	'515.127.4562',
	STR_TO_DATE('18-MAY-1995', '%d-%M-%Y'),
	'PU_CLERK',
	3100,
	NULL,
	114,
	30
	);

INSERT INTO employees
VALUES (
	116,
	'Shelli',
	'Baida',
	'SBAIDA',
	'515.127.4563',
	STR_TO_DATE('24-DEC-1997', '%d-%M-%Y'),
	'PU_CLERK',
	2900,
	NULL,
	114,
	30
	);

INSERT INTO employees
VALUES (
	117,
	'Sigal',
	'Tobias',
	'STOBIAS',
	'515.127.4564',
	STR_TO_DATE('24-JUL-1997', '%d-%M-%Y'),
	'PU_CLERK',
	2800,
	NULL,
	114,
	30
	);

INSERT INTO employees
VALUES (
	118,
	'Guy',
	'Himuro',
	'GHIMURO',
	'515.127.4565',
	STR_TO_DATE('15-NOV-1998', '%d-%M-%Y'),
	'PU_CLERK',
	2600,
	NULL,
	114,
	30
	);

INSERT INTO employees
VALUES (
	119,
	'Karen',
	'Colmenares',
	'KCOLMENA',
	'515.127.4566',
	STR_TO_DATE('10-AUG-1999', '%d-%M-%Y'),
	'PU_CLERK',
	2500,
	NULL,
	114,
	30
	);

INSERT INTO employees
VALUES (
	120,
	'Matthew',
	'Weiss',
	'MWEISS',
	'650.123.1234',
	STR_TO_DATE('18-JUL-1996', '%d-%M-%Y'),
	'ST_MAN',
	8000,
	NULL,
	100,
	50
	);

INSERT INTO employees
VALUES (
	121,
	'Adam',
	'Fripp',
	'AFRIPP',
	'650.123.2234',
	STR_TO_DATE('10-APR-1997', '%d-%M-%Y'),
	'ST_MAN',
	8200,
	NULL,
	100,
	50
	);

INSERT INTO employees
VALUES (
	122,
	'Payam',
	'Kaufling',
	'PKAUFLIN',
	'650.123.3234',
	STR_TO_DATE('01-MAY-1995', '%d-%M-%Y'),
	'ST_MAN',
	7900,
	NULL,
	100,
	50
	);

INSERT INTO employees
VALUES (
	123,
	'Shanta',
	'Vollman',
	'SVOLLMAN',
	'650.123.4234',
	STR_TO_DATE('10-OCT-1997', '%d-%M-%Y'),
	'ST_MAN',
	6500,
	NULL,
	100,
	50
	);

INSERT INTO employees
VALUES (
	124,
	'Kevin',
	'Mourgos',
	'KMOURGOS',
	'650.123.5234',
	STR_TO_DATE('16-NOV-1999', '%d-%M-%Y'),
	'ST_MAN',
	5800,
	NULL,
	100,
	50
	);

INSERT INTO employees
VALUES (
	125,
	'Julia',
	'Nayer',
	'JNAYER',
	'650.124.1214',
	STR_TO_DATE('16-JUL-1997', '%d-%M-%Y'),
	'ST_CLERK',
	3200,
	NULL,
	120,
	50
	);

INSERT INTO employees
VALUES (
	126,
	'Irene',
	'Mikkilineni',
	'IMIKKILI',
	'650.124.1224',
	STR_TO_DATE('28-SEP-1998', '%d-%M-%Y'),
	'ST_CLERK',
	2700,
	NULL,
	120,
	50
	);

INSERT INTO employees
VALUES (
	127,
	'James',
	'Landry',
	'JLANDRY',
	'650.124.1334',
	STR_TO_DATE('14-JAN-1999', '%d-%M-%Y'),
	'ST_CLERK',
	2400,
	NULL,
	120,
	50
	);

INSERT INTO employees
VALUES (
	128,
	'Steven',
	'Markle',
	'SMARKLE',
	'650.124.1434',
	STR_TO_DATE('08-MAR-2000', '%d-%M-%Y'),
	'ST_CLERK',
	2200,
	NULL,
	120,
	50
	);

INSERT INTO employees
VALUES (
	129,
	'Laura',
	'Bissot',
	'LBISSOT',
	'650.124.5234',
	STR_TO_DATE('20-AUG-1997', '%d-%M-%Y'),
	'ST_CLERK',
	3300,
	NULL,
	121,
	50
	);

INSERT INTO employees
VALUES (
	130,
	'Mozhe',
	'Atkinson',
	'MATKINSO',
	'650.124.6234',
	STR_TO_DATE('30-OCT-1997', '%d-%M-%Y'),
	'ST_CLERK',
	2800,
	NULL,
	121,
	50
	);

INSERT INTO employees
VALUES (
	131,
	'James',
	'Marlow',
	'JAMRLOW',
	'650.124.7234',
	STR_TO_DATE('16-FEB-1997', '%d-%M-%Y'),
	'ST_CLERK',
	2500,
	NULL,
	121,
	50
	);

INSERT INTO employees
VALUES (
	132,
	'TJ',
	'Olson',
	'TJOLSON',
	'650.124.8234',
	STR_TO_DATE('10-APR-1999', '%d-%M-%Y'),
	'ST_CLERK',
	2100,
	NULL,
	121,
	50
	);

INSERT INTO employees
VALUES (
	133,
	'Jason',
	'Mallin',
	'JMALLIN',
	'650.127.1934',
	STR_TO_DATE('14-JUN-1996', '%d-%M-%Y'),
	'ST_CLERK',
	3300,
	NULL,
	122,
	50
	);

INSERT INTO employees
VALUES (
	134,
	'Michael',
	'Rogers',
	'MROGERS',
	'650.127.1834',
	STR_TO_DATE('26-AUG-1998', '%d-%M-%Y'),
	'ST_CLERK',
	2900,
	NULL,
	122,
	50
	);

INSERT INTO employees
VALUES (
	135,
	'Ki',
	'Gee',
	'KGEE',
	'650.127.1734',
	STR_TO_DATE('12-DEC-1999', '%d-%M-%Y'),
	'ST_CLERK',
	2400,
	NULL,
	122,
	50
	);

INSERT INTO employees
VALUES (
	136,
	'Hazel',
	'Philtanker',
	'HPHILTAN',
	'650.127.1634',
	STR_TO_DATE('06-FEB-2000', '%d-%M-%Y'),
	'ST_CLERK',
	2200,
	NULL,
	122,
	50
	);

INSERT INTO employees
VALUES (
	137,
	'Renske',
	'Ladwig',
	'RLADWIG',
	'650.121.1234',
	STR_TO_DATE('14-JUL-1995', '%d-%M-%Y'),
	'ST_CLERK',
	3600,
	NULL,
	123,
	50
	);

INSERT INTO employees
VALUES (
	138,
	'Stephen',
	'Stiles',
	'SSTILES',
	'650.121.2034',
	STR_TO_DATE('26-OCT-1997', '%d-%M-%Y'),
	'ST_CLERK',
	3200,
	NULL,
	123,
	50
	);

INSERT INTO employees
VALUES (
	139,
	'John',
	'Seo',
	'JSEO',
	'650.121.2019',
	STR_TO_DATE('12-FEB-1998', '%d-%M-%Y'),
	'ST_CLERK',
	2700,
	NULL,
	123,
	50
	);

INSERT INTO employees
VALUES (
	140,
	'Joshua',
	'Patel',
	'JPATEL',
	'650.121.1834',
	STR_TO_DATE('06-APR-1998', '%d-%M-%Y'),
	'ST_CLERK',
	2500,
	NULL,
	123,
	50
	);

INSERT INTO employees
VALUES (
	141,
	'Trenna',
	'Rajs',
	'TRAJS',
	'650.121.8009',
	STR_TO_DATE('17-OCT-1995', '%d-%M-%Y'),
	'ST_CLERK',
	3500,
	NULL,
	124,
	50
	);

INSERT INTO employees
VALUES (
	142,
	'Curtis',
	'Davies',
	'CDAVIES',
	'650.121.2994',
	STR_TO_DATE('29-JAN-1997', '%d-%M-%Y'),
	'ST_CLERK',
	3100,
	NULL,
	124,
	50
	);

INSERT INTO employees
VALUES (
	143,
	'Randall',
	'Matos',
	'RMATOS',
	'650.121.2874',
	STR_TO_DATE('15-MAR-1998', '%d-%M-%Y'),
	'ST_CLERK',
	2600,
	NULL,
	124,
	50
	);

INSERT INTO employees
VALUES (
	144,
	'Peter',
	'Vargas',
	'PVARGAS',
	'650.121.2004',
	STR_TO_DATE('09-JUL-1998', '%d-%M-%Y'),
	'ST_CLERK',
	2500,
	NULL,
	124,
	50
	);

INSERT INTO employees
VALUES (
	145,
	'John',
	'Russell',
	'JRUSSEL',
	'011.44.1344.429268',
	STR_TO_DATE('01-OCT-1996', '%d-%M-%Y'),
	'SA_MAN',
	14000,
	.4,
	100,
	80
	);

INSERT INTO employees
VALUES (
	146,
	'Karen',
	'Partners',
	'KPARTNER',
	'011.44.1344.467268',
	STR_TO_DATE('05-JAN-1997', '%d-%M-%Y'),
	'SA_MAN',
	13500,
	.3,
	100,
	80
	);

INSERT INTO employees
VALUES (
	147,
	'Alberto',
	'Errazuriz',
	'AERRAZUR',
	'011.44.1344.429278',
	STR_TO_DATE('10-MAR-1997', '%d-%M-%Y'),
	'SA_MAN',
	12000,
	.3,
	100,
	80
	);

INSERT INTO employees
VALUES (
	148,
	'Gerald',
	'Cambrault',
	'GCAMBRAU',
	'011.44.1344.619268',
	STR_TO_DATE('15-OCT-1999', '%d-%M-%Y'),
	'SA_MAN',
	11000,
	.3,
	100,
	80
	);

INSERT INTO employees
VALUES (
	149,
	'Eleni',
	'Zlotkey',
	'EZLOTKEY',
	'011.44.1344.429018',
	STR_TO_DATE('29-JAN-2000', '%d-%M-%Y'),
	'SA_MAN',
	10500,
	.2,
	100,
	80
	);

INSERT INTO employees
VALUES (
	150,
	'Peter',
	'Tucker',
	'PTUCKER',
	'011.44.1344.129268',
	STR_TO_DATE('30-JAN-1997', '%d-%M-%Y'),
	'SA_REP',
	10000,
	.3,
	145,
	80
	);

INSERT INTO employees
VALUES (
	151,
	'David',
	'Bernstein',
	'DBERNSTE',
	'011.44.1344.345268',
	STR_TO_DATE('24-MAR-1997', '%d-%M-%Y'),
	'SA_REP',
	9500,
	.25,
	145,
	80
	);

INSERT INTO employees
VALUES (
	152,
	'Peter',
	'Hall',
	'PHALL',
	'011.44.1344.478968',
	STR_TO_DATE('20-AUG-1997', '%d-%M-%Y'),
	'SA_REP',
	9000,
	.25,
	145,
	80
	);

INSERT INTO employees
VALUES (
	153,
	'Christopher',
	'Olsen',
	'COLSEN',
	'011.44.1344.498718',
	STR_TO_DATE('30-MAR-1998', '%d-%M-%Y'),
	'SA_REP',
	8000,
	.2,
	145,
	80
	);

INSERT INTO employees
VALUES (
	154,
	'Nanette',
	'Cambrault',
	'NCAMBRAU',
	'011.44.1344.987668',
	STR_TO_DATE('09-DEC-1998', '%d-%M-%Y'),
	'SA_REP',
	7500,
	.2,
	145,
	80
	);

INSERT INTO employees
VALUES (
	155,
	'Oliver',
	'Tuvault',
	'OTUVAULT',
	'011.44.1344.486508',
	STR_TO_DATE('23-NOV-1999', '%d-%M-%Y'),
	'SA_REP',
	7000,
	.15,
	145,
	80
	);

INSERT INTO employees
VALUES (
	156,
	'Janette',
	'King',
	'JKING',
	'011.44.1345.429268',
	STR_TO_DATE('30-JAN-1996', '%d-%M-%Y'),
	'SA_REP',
	10000,
	.35,
	146,
	80
	);

INSERT INTO employees
VALUES (
	157,
	'Patrick',
	'Sully',
	'PSULLY',
	'011.44.1345.929268',
	STR_TO_DATE('04-MAR-1996', '%d-%M-%Y'),
	'SA_REP',
	9500,
	.35,
	146,
	80
	);

INSERT INTO employees
VALUES (
	158,
	'Allan',
	'McEwen',
	'AMCEWEN',
	'011.44.1345.829268',
	STR_TO_DATE('01-AUG-1996', '%d-%M-%Y'),
	'SA_REP',
	9000,
	.35,
	146,
	80
	);

INSERT INTO employees
VALUES (
	159,
	'Lindsey',
	'Smith',
	'LSMITH',
	'011.44.1345.729268',
	STR_TO_DATE('10-MAR-1997', '%d-%M-%Y'),
	'SA_REP',
	8000,
	.3,
	146,
	80
	);

INSERT INTO employees
VALUES (
	160,
	'Louise',
	'Doran',
	'LDORAN',
	'011.44.1345.629268',
	STR_TO_DATE('15-DEC-1997', '%d-%M-%Y'),
	'SA_REP',
	7500,
	.3,
	146,
	80
	);

INSERT INTO employees
VALUES (
	161,
	'Sarath',
	'Sewall',
	'SSEWALL',
	'011.44.1345.529268',
	STR_TO_DATE('03-NOV-1998', '%d-%M-%Y'),
	'SA_REP',
	7000,
	.25,
	146,
	80
	);

INSERT INTO employees
VALUES (
	162,
	'Clara',
	'Vishney',
	'CVISHNEY',
	'011.44.1346.129268',
	STR_TO_DATE('11-NOV-1997', '%d-%M-%Y'),
	'SA_REP',
	10500,
	.25,
	147,
	80
	);

INSERT INTO employees
VALUES (
	163,
	'Danielle',
	'Greene',
	'DGREENE',
	'011.44.1346.229268',
	STR_TO_DATE('19-MAR-1999', '%d-%M-%Y'),
	'SA_REP',
	9500,
	.15,
	147,
	80
	);

INSERT INTO employees
VALUES (
	164,
	'Mattea',
	'Marvins',
	'MMARVINS',
	'011.44.1346.329268',
	STR_TO_DATE('24-JAN-2000', '%d-%M-%Y'),
	'SA_REP',
	7200,
	.10,
	147,
	80
	);

INSERT INTO employees
VALUES (
	165,
	'David',
	'Lee',
	'DLEE',
	'011.44.1346.529268',
	STR_TO_DATE('23-FEB-2000', '%d-%M-%Y'),
	'SA_REP',
	6800,
	.1,
	147,
	80
	);

INSERT INTO employees
VALUES (
	166,
	'Sundar',
	'Ande',
	'SANDE',
	'011.44.1346.629268',
	STR_TO_DATE('24-MAR-2000', '%d-%M-%Y'),
	'SA_REP',
	6400,
	.10,
	147,
	80
	);

INSERT INTO employees
VALUES (
	167,
	'Amit',
	'Banda',
	'ABANDA',
	'011.44.1346.729268',
	STR_TO_DATE('21-APR-2000', '%d-%M-%Y'),
	'SA_REP',
	6200,
	.10,
	147,
	80
	);

INSERT INTO employees
VALUES (
	168,
	'Lisa',
	'Ozer',
	'LOZER',
	'011.44.1343.929268',
	STR_TO_DATE('11-MAR-1997', '%d-%M-%Y'),
	'SA_REP',
	11500,
	.25,
	148,
	80
	);

INSERT INTO employees
VALUES (
	169,
	'Harrison',
	'Bloom',
	'HBLOOM',
	'011.44.1343.829268',
	STR_TO_DATE('23-MAR-1998', '%d-%M-%Y'),
	'SA_REP',
	10000,
	.20,
	148,
	80
	);

INSERT INTO employees
VALUES (
	170,
	'Tayler',
	'Fox',
	'TFOX',
	'011.44.1343.729268',
	STR_TO_DATE('24-JAN-1998', '%d-%M-%Y'),
	'SA_REP',
	9600,
	.20,
	148,
	80
	);

INSERT INTO employees
VALUES (
	171,
	'William',
	'Smith',
	'WSMITH',
	'011.44.1343.629268',
	STR_TO_DATE('23-FEB-1999', '%d-%M-%Y'),
	'SA_REP',
	7400,
	.15,
	148,
	80
	);

INSERT INTO employees
VALUES (
	172,
	'Elizabeth',
	'Bates',
	'EBATES',
	'011.44.1343.529268',
	STR_TO_DATE('24-MAR-1999', '%d-%M-%Y'),
	'SA_REP',
	7300,
	.15,
	148,
	80
	);

INSERT INTO employees
VALUES (
	173,
	'Sundita',
	'Kumar',
	'SKUMAR',
	'011.44.1343.329268',
	STR_TO_DATE('21-APR-2000', '%d-%M-%Y'),
	'SA_REP',
	6100,
	.10,
	148,
	80
	);

INSERT INTO employees
VALUES (
	174,
	'Ellen',
	'Abel',
	'EABEL',
	'011.44.1644.429267',
	STR_TO_DATE('11-MAY-1996', '%d-%M-%Y'),
	'SA_REP',
	11000,
	.30,
	149,
	80
	);

INSERT INTO employees
VALUES (
	175,
	'Alyssa',
	'Hutton',
	'AHUTTON',
	'011.44.1644.429266',
	STR_TO_DATE('19-MAR-1997', '%d-%M-%Y'),
	'SA_REP',
	8800,
	.25,
	149,
	80
	);

INSERT INTO employees
VALUES (
	176,
	'Jonathon',
	'Taylor',
	'JTAYLOR',
	'011.44.1644.429265',
	STR_TO_DATE('24-MAR-1998', '%d-%M-%Y'),
	'SA_REP',
	8600,
	.20,
	149,
	80
	);

INSERT INTO employees
VALUES (
	177,
	'Jack',
	'Livingston',
	'JLIVINGS',
	'011.44.1644.429264',
	STR_TO_DATE('23-APR-1998', '%d-%M-%Y'),
	'SA_REP',
	8400,
	.20,
	149,
	80
	);

INSERT INTO employees
VALUES (
	178,
	'Kimberely',
	'Grant',
	'KGRANT',
	'011.44.1644.429263',
	STR_TO_DATE('24-MAY-1999', '%d-%M-%Y'),
	'SA_REP',
	7000,
	.15,
	149,
	NULL
	);

INSERT INTO employees
VALUES (
	179,
	'Charles',
	'Johnson',
	'CJOHNSON',
	'011.44.1644.429262',
	STR_TO_DATE('04-JAN-2000', '%d-%M-%Y'),
	'SA_REP',
	6200,
	.10,
	149,
	80
	);

INSERT INTO employees
VALUES (
	180,
	'Winston',
	'Taylor',
	'WTAYLOR',
	'650.507.9876',
	STR_TO_DATE('24-JAN-1998', '%d-%M-%Y'),
	'SH_CLERK',
	3200,
	NULL,
	120,
	50
	);

INSERT INTO employees
VALUES (
	181,
	'Jean',
	'Fleaur',
	'JFLEAUR',
	'650.507.9877',
	STR_TO_DATE('23-FEB-1998', '%d-%M-%Y'),
	'SH_CLERK',
	3100,
	NULL,
	120,
	50
	);

INSERT INTO employees
VALUES (
	182,
	'Martha',
	'Sullivan',
	'MSULLIVA',
	'650.507.9878',
	STR_TO_DATE('21-JUN-1999', '%d-%M-%Y'),
	'SH_CLERK',
	2500,
	NULL,
	120,
	50
	);

INSERT INTO employees
VALUES (
	183,
	'Girard',
	'Geoni',
	'GGEONI',
	'650.507.9879',
	STR_TO_DATE('03-FEB-2000', '%d-%M-%Y'),
	'SH_CLERK',
	2800,
	NULL,
	120,
	50
	);

INSERT INTO employees
VALUES (
	184,
	'Nandita',
	'Sarchand',
	'NSARCHAN',
	'650.509.1876',
	STR_TO_DATE('27-JAN-1996', '%d-%M-%Y'),
	'SH_CLERK',
	4200,
	NULL,
	121,
	50
	);

INSERT INTO employees
VALUES (
	185,
	'Alexis',
	'Bull',
	'ABULL',
	'650.509.2876',
	STR_TO_DATE('20-FEB-1997', '%d-%M-%Y'),
	'SH_CLERK',
	4100,
	NULL,
	121,
	50
	);

INSERT INTO employees
VALUES (
	186,
	'Julia',
	'Dellinger',
	'JDELLING',
	'650.509.3876',
	STR_TO_DATE('24-JUN-1998', '%d-%M-%Y'),
	'SH_CLERK',
	3400,
	NULL,
	121,
	50
	);

INSERT INTO employees
VALUES (
	187,
	'Anthony',
	'Cabrio',
	'ACABRIO',
	'650.509.4876',
	STR_TO_DATE('07-FEB-1999', '%d-%M-%Y'),
	'SH_CLERK',
	3000,
	NULL,
	121,
	50
	);

INSERT INTO employees
VALUES (
	188,
	'Kelly',
	'Chung',
	'KCHUNG',
	'650.505.1876',
	STR_TO_DATE('14-JUN-1997', '%d-%M-%Y'),
	'SH_CLERK',
	3800,
	NULL,
	122,
	50
	);

INSERT INTO employees
VALUES (
	189,
	'Jennifer',
	'Dilly',
	'JDILLY',
	'650.505.2876',
	STR_TO_DATE('13-AUG-1997', '%d-%M-%Y'),
	'SH_CLERK',
	3600,
	NULL,
	122,
	50
	);

INSERT INTO employees
VALUES (
	190,
	'Timothy',
	'Gates',
	'TGATES',
	'650.505.3876',
	STR_TO_DATE('11-JUL-1998', '%d-%M-%Y'),
	'SH_CLERK',
	2900,
	NULL,
	122,
	50
	);

INSERT INTO employees
VALUES (
	191,
	'Randall',
	'Perkins',
	'RPERKINS',
	'650.505.4876',
	STR_TO_DATE('19-DEC-1999', '%d-%M-%Y'),
	'SH_CLERK',
	2500,
	NULL,
	122,
	50
	);

INSERT INTO employees
VALUES (
	192,
	'Sarah',
	'Bell',
	'SBELL',
	'650.501.1876',
	STR_TO_DATE('04-FEB-1996', '%d-%M-%Y'),
	'SH_CLERK',
	4000,
	NULL,
	123,
	50
	);

INSERT INTO employees
VALUES (
	193,
	'Britney',
	'Everett',
	'BEVERETT',
	'650.501.2876',
	STR_TO_DATE('03-MAR-1997', '%d-%M-%Y'),
	'SH_CLERK',
	3900,
	NULL,
	123,
	50
	);

INSERT INTO employees
VALUES (
	194,
	'Samuel',
	'McCain',
	'SMCCAIN',
	'650.501.3876',
	STR_TO_DATE('01-JUL-1998', '%d-%M-%Y'),
	'SH_CLERK',
	3200,
	NULL,
	123,
	50
	);

INSERT INTO employees
VALUES (
	195,
	'Vance',
	'Jones',
	'VJONES',
	'650.501.4876',
	STR_TO_DATE('17-MAR-1999', '%d-%M-%Y'),
	'SH_CLERK',
	2800,
	NULL,
	123,
	50
	);

INSERT INTO employees
VALUES (
	196,
	'Alana',
	'Walsh',
	'AWALSH',
	'650.507.9811',
	STR_TO_DATE('24-APR-1998', '%d-%M-%Y'),
	'SH_CLERK',
	3100,
	NULL,
	124,
	50
	);

INSERT INTO employees
VALUES (
	197,
	'Kevin',
	'Feeney',
	'KFEENEY',
	'650.507.9822',
	STR_TO_DATE('23-MAY-1998', '%d-%M-%Y'),
	'SH_CLERK',
	3000,
	NULL,
	124,
	50
	);

INSERT INTO employees
VALUES (
	198,
	'Donald',
	'OConnell',
	'DOCONNEL',
	'650.507.9833',
	STR_TO_DATE('21-JUN-1999', '%d-%M-%Y'),
	'SH_CLERK',
	2600,
	NULL,
	124,
	50
	);

INSERT INTO employees
VALUES (
	199,
	'Douglas',
	'Grant',
	'DGRANT',
	'650.507.9844',
	STR_TO_DATE('13-JAN-2000', '%d-%M-%Y'),
	'SH_CLERK',
	2600,
	NULL,
	124,
	50
	);

INSERT INTO employees
VALUES (
	200,
	'Jennifer',
	'Whalen',
	'JWHALEN',
	'515.123.4444',
	STR_TO_DATE('17-SEP-1987', '%d-%M-%Y'),
	'AD_ASST',
	4400,
	NULL,
	101,
	10
	);

INSERT INTO employees
VALUES (
	201,
	'Michael',
	'Hartstein',
	'MHARTSTE',
	'515.123.5555',
	STR_TO_DATE('17-FEB-1996', '%d-%M-%Y'),
	'MK_MAN',
	13000,
	NULL,
	100,
	20
	);

INSERT INTO employees
VALUES (
	202,
	'Pat',
	'Fay',
	'PFAY',
	'603.123.6666',
	STR_TO_DATE('17-AUG-1997', '%d-%M-%Y'),
	'MK_REP',
	6000,
	NULL,
	201,
	20
	);

INSERT INTO employees
VALUES (
	203,
	'Susan',
	'Mavris',
	'SMAVRIS',
	'515.123.7777',
	STR_TO_DATE('07-JUN-1994', '%d-%M-%Y'),
	'HR_REP',
	6500,
	NULL,
	101,
	40
	);

INSERT INTO employees
VALUES (
	204,
	'Hermann',
	'Baer',
	'HBAER',
	'515.123.8888',
	STR_TO_DATE('07-JUN-1994', '%d-%M-%Y'),
	'PR_REP',
	10000,
	NULL,
	101,
	70
	);

INSERT INTO employees
VALUES (
	205,
	'Shelley',
	'Higgins',
	'SHIGGINS',
	'515.123.8080',
	STR_TO_DATE('07-JUN-1994', '%d-%M-%Y'),
	'AC_MGR',
	12000,
	NULL,
	101,
	110
	);

INSERT INTO employees
VALUES (
	206,
	'William',
	'Gietz',
	'WGIETZ',
	'51hr5.123.8181',
	STR_TO_DATE('07-JUN-1994', '%d-%M-%Y'),
	'AC_ACCOUNT',
	8300,
	NULL,
	205,
	110
	);

select * from employees;

INSERT INTO job_history
VALUES (
	102,
	STR_TO_DATE('13-Jan-1993', '%d-%M-%Y'),
	STR_TO_DATE('24-Jul-1998', '%d-%M-%Y'),
	'IT_PROG',
	60
	);

INSERT INTO job_history
VALUES (
	101,
	STR_TO_DATE('21-Sep-1989', '%d-%M-%Y'),
	STR_TO_DATE('27-Oct-1993', '%d-%M-%Y'),
	'AC_ACCOUNT',
	110
	);

INSERT INTO job_history
VALUES (
	101,
	STR_TO_DATE('28-Oct-1993','%d-%M-%Y'),
	STR_TO_DATE('15-Mar-1997','%d-%M-%Y'),
	'AC_MGR',
	110
	);

INSERT INTO job_history
VALUES (
	201,
	STR_TO_DATE('27-Feb-1996','%d-%M-%Y'),
	STR_TO_DATE('19-Dec-1999','%d-%M-%Y'),
	'MK_REP',
	20
	);

INSERT INTO job_history
VALUES (
	114,
	STR_TO_DATE('24-Mar-1998','%d-%M-%Y'),
	STR_TO_DATE('31-Dec-1999','%d-%M-%Y'),
	'ST_CLERK',
	50
	);

INSERT INTO job_history
VALUES (
	122,
	STR_TO_DATE('01-Jan-1999','%d-%M-%Y'),
	STR_TO_DATE('31-Dec-1999','%d-%M-%Y'),
	'ST_CLERK',
	50
	);

INSERT INTO job_history
VALUES (
	200,
	STR_TO_DATE('17-Sep-1987','%d-%M-%Y'),
	STR_TO_DATE('17-Jun-1993','%d-%M-%Y'),
	'AD_ASST',
	90
	);

INSERT INTO job_history
VALUES (
	176,
	STR_TO_DATE('24-Mar-1998','%d-%M-%Y'),
	STR_TO_DATE('31-Dec-1998','%d-%M-%Y'),
	'SA_REP',
	80
	);

INSERT INTO job_history
VALUES (
	176,
	STR_TO_DATE('01-Jan-1999','%d-%M-%Y'),
	STR_TO_DATE('31-Dec-1999','%d-%M-%Y'),
	'SA_MAN',
	80
	);

INSERT INTO job_history
VALUES (
	200,
	STR_TO_DATE('01-Jul-1994','%d-%M-%Y'),
	STR_TO_DATE('31-Dec-1998','%d-%M-%Y'),
	'AC_ACCOUNT',
	90
	);
    
COMMIT;

ALTER TABLE countries ADD FOREIGN KEY (region_id) REFERENCES regions(region_id);    
ALTER TABLE locations ADD FOREIGN KEY (country_id) REFERENCES countries(country_id);
ALTER TABLE departments ADD FOREIGN KEY (location_id) REFERENCES locations(location_id);
ALTER TABLE employees ADD FOREIGN KEY (job_id) REFERENCES jobs(job_id);
ALTER TABLE employees ADD FOREIGN KEY (department_id) REFERENCES departments(department_id);
ALTER TABLE employees ADD FOREIGN KEY (manager_id) REFERENCES employees(employee_id);
ALTER TABLE departments ADD FOREIGN KEY (manager_id) REFERENCES employees (employee_id);
ALTER TABLE job_history ADD FOREIGN KEY (employee_id) REFERENCES employees(employee_id);
ALTER TABLE job_history ADD FOREIGN KEY (job_id) REFERENCES jobs(job_id);
ALTER TABLE job_history ADD FOREIGN KEY (department_id) REFERENCES departments(department_id);

select location_id, city from locations where state_province is null;

select * from jobs where max_salary > 10000;

select department_id,department_name,
  Manager_id from departments where manager_id > 200 and  
  location_id = 2400;
  
select job_title from jobs where min_salary > 8000 and max_salary < 20000;

select * from departments where location_id = 1700;

-- select * from sys.objects where type='U;

select ltrim('     Great Lakes'), rtrim('Great Lakes         ') , trim('   great lakes   ') from dual;

-- select first_name, lpad(first_name,20,'*') from dual;

use greatlakes;
create table product_types(
	product_type_id integer primary key,
    name varchar(10) not null
    );
    
create table products(
	product_id integer primary key,
    product_type_id integer references product_types(product_type_id),
    name varchar(30) not null,
    description varchar(50),
    price decimal(5,2)
    );
    
commit;
INSERT INTO product_types (product_type_id, name) VALUES ( 1, 'Book');
INSERT INTO product_types (product_type_id, name) VALUES (  2, 'Video');
INSERT INTO product_types (product_type_id, name) VALUES ( 3, 'DVD');
INSERT INTO product_types (product_type_id, name) VALUES ( 4, 'CD');
INSERT INTO product_types (product_type_id, name) VALUES ( 5, 'Magazine');
-- select name, lpad(name,20,'*') from products;
COMMIT;

-- insert sample data into products table

INSERT INTO products (  product_id, product_type_id, name, description, price) VALUES (1, 1, 'Modern Science', 'A description of modern science', 19.95);
INSERT INTO products (  product_id, product_type_id, name, description, price) VALUES (2, 1, 'Chemistry', 'Introduction to Chemistry', 30.00);
INSERT INTO products (  product_id, product_type_id, name, description, price) VALUES (3, 2, 'Supernova', 'A star explodes', 25.99);
INSERT INTO products (  product_id, product_type_id, name, description, price) VALUES (4, 2, 'Tank War', 'Action movie about a future war', 13.95);
INSERT INTO products (  product_id, product_type_id, name, description, price) VALUES (5, 2, 'Z Files', 'Series on mysterious activities', 49.99);
INSERT INTO products (  product_id, product_type_id, name, description, price) VALUES (6, 2, '2412: The Return', 'Aliens return', 14.95);
INSERT INTO products (  product_id, product_type_id, name, description, price) VALUES (7, 3, 'Space Force 9', 'Adventures of heroes', 13.49);
INSERT INTO products (  product_id, product_type_id, name, description, price) VALUES (8, 3, 'From Another Planet', 'Alien from another planet lands on Earth', 12.99);
INSERT INTO products (  product_id, product_type_id, name, description, price) VALUES (9, 4, 'Classical Music', 'The best classical music', 10.99);
INSERT INTO products (  product_id, product_type_id, name, description, price) VALUES (10, 4, 'Pop 3', 'The best popular music', 15.99);
INSERT INTO products (  product_id, product_type_id, name, description, price) VALUES (11, 4, 'Creative Yell', 'Debut album', 14.99);
INSERT INTO products (  product_id, product_type_id, name, description, price) VALUES (12, NULL, 'My Front Line', 'Their greatest hits', 13.49);
-- commit the transaction
COMMIT;

-- INSERT INTO product_types (product_type_id, name) VALUES ( 11,);
-- INSERT INTO product_types VALUES ( 1, );

-- print all tables in tables
show tables;

-- print all the databases
show databases;

-- print details of table
describe product_types;
describe products;
select product_id, name from products;

select product_id, name, substring(name, 2,2) from products; 

select product_id, name, substring(name, 5,4) from products; 

select name, replace(name,'o','O') from products;

-- Convert upper first letter in to lower case
select name, replace(name,substr(name,1,1),lcase(substr(name,1,1))) as "first letter lower case" from products;

select name, reverse(name) from products;

select name, instr(name, 'e') from products;

select ascii('G') from dual;

select 88*2 from dual;
select 89 mod 26 from dual;
select 89 div 26 from dual;
select power(3,4) from dual;

select 89 div 26, 89/26 from dual;

select log10(100) from dual;


select ceil(634.000001), floor(634.00001), ceil(634.999999), floor(634.99999) from dual;


select round(417.608,2), round(417.602,2), round(250.625,1), round(417.492,1), round(417.25, -1), round(6258,-2), round(6212,-2) from dual;

select truncate(417.608,2) from dual;
select truncate(417.602,2) from dual;
select truncate(250.625,1), truncate(417.492,1), truncate(417.25, -1), truncate(6258,-2), truncate(6212,-2) from dual;
select * from product;


select abs(-100), abs(100) from dual;

select sign(-5562) from dual;

select sign(5562) from dual;


select current_date(), curdate(), current_time(), curtime(), current_timestamp(), current_user() from dual;

select datediff(curdate(), '2019-01-01') from dual;

-- select datediff(curdate(), '19-01-2019') from dual;

select date_add(curdate(), interval 10 day) from dual;

select adddate(curdate(), interval 1 month) from dual;

select last_day('2019-06-18') from dual;

select month(curdate()) from dual;

select day(curdate()) from dual;

select weekday('2019-07-22') from dual;

select week(current_date()) , weekofyear(curdate()) from dual;

select product_id, name, price, (price*3) as newprice from products;

select product_id, name, price, (price*3) as sellingPrice from products where sellingPrice > 50;

select product_id, name, price, (price*3) as newprice from products where price*3 > 50;

select product_type_id , product_id from products;

select distinct product_type_id from products;

select (375 mod 2) as '200_count', ((375 mod 200) mod 2) as '100_count', ((175 mod 100)mod 2) as '50_count', ((75 mod 50)mod 2)  as '20_count' from dual;

select (75 mod 50) as '200_count' from dual;

select (375 div 200), 375 mod 200, (375 mod 200)div 100, (375 mod 200)mod 100, ((375 mod 200) mod 100) div 50 from dual;

select product_id, name, price from products;

select product_id, name, price, price<12 'price is low' from products where price < 12;

select product_id, name, price, price<14 'price is low' from products;

select price<14 'price is low' from products;

select product_id, name, price, 
case 
when price < 14 then 'price is low'
when price >=12 and price <20 then 'Price is moderate'
when price between 20 and 30 then 'Price is high'
when price > 30 then 'price is expensive'
end 'price'
from products;

-- Aggergate functions

select min(price), max(price), sum(price), avg(price), count(price) from products;

select min(price), max(price), sum(price), avg(price), count(price) from products where price>15; 

select min(price > 15), max(price > 15), sum(price > 15), avg(price > 15), count(price > 15) from products;

select * from products where price > 15;

select count(price) from products;
select price >15 from products;
select count(price>12) from products;
select count(price) from products where price >15;

select product_type_id, min(price), max(price), sum(price), avg(price), count(price) from products group by product_type_id ;

select min(price), max(price), sum(price), avg(price), count(price) from products where product_type_id = 3 group by product_type_id;

select product_type_id, min(price), max(price), sum(price), avg(price), count(price) from products where product_type_id = 3 group by product_type_id;

select product_type_id, avg(price) from products;

select product_type_id, avg(price) from products group by product_type_id;

select min(price), max(price), sum(price), avg(price), count(price) from products where product_type_id is not null group by product_type_id;

select product_type_id, min(price) from products where price > 13 group by product_type_id;

select product_type_id, min(price > 13) from products group by product_type_id;

select product_type_id, min(price) from products where product_type_id is not null group by product_type_id having min(price) >13;


select product_type_id, min(price) from products where product_type_id is not null group by product_type_id having min(price) >13 order by 2;


select * from products order by name;

select * from products order by name desc;

select * from products order by name desc, description;

select product_id, product_type_id, name, description, price from products order by 2 desc, 3;

select * from products limit 5;

select * from products limit 1,2;

select * from products limit 5,3;

select * from products limit 1,5;

CREATE TABLE customers (
  customer_id INTEGER,
  first_name VARCHAR(10) NOT NULL,
  last_name VARCHAR(10) NOT NULL,
  dob DATE,
  phone VARCHAR(12)
);


select * from customers;
INSERT INTO customers (customer_id, first_name, last_name, dob, phone) VALUES (
  1, 'John', 'Brown', '1965-01-01', '800-555-1211');

INSERT INTO customers (customer_id, first_name, last_name, dob, phone) VALUES (
  2, 'Cynthia', 'Green', '1968-02-05', '800-555-1212');

INSERT INTO customers (customer_id, first_name, last_name, dob, phone) VALUES (
  3, 'Steve', 'White', '1971-03-16', '800-555-1213');

INSERT INTO customers (customer_id, first_name, last_name, dob, phone) VALUES (
  4, 'Gail', 'Black', NULL, '800-555-1214');

INSERT INTO customers (customer_id, first_name, last_name, dob, phone) VALUES (
  5, 'Doreen', 'Blue', '1970-05-20', NULL);

-- commit the transaction
COMMIT;


select * from customers;

select concat('This is to certify that Custommer ',first_name,' ',last_name,' with Customer id ',customer_id,' was born on ',dob) from customers;

select concat('This is to certify that Custommer ',first_name,' ',last_name,' with Customer id ',customer_id,' was born on ',ifnull(dob,'1900-01-01')) from customers;

select 1=1 from dual;

select 100=100 from dual;

select null = null from dual;

select null is null from dual;

select null = 100 from dual;

CREATE TABLE more_employees (
  employee_id INTEGER PRIMARY KEY,
  manager_id INTEGER
    REFERENCES more_employees(employee_id),
  first_name VARCHAR(10) NOT NULL,
  last_name VARCHAR(10) NOT NULL,
  title VARCHAR(20),
  salary decimal(6, 0)
);


-- insert sample data into more_employees table

INSERT INTO more_employees ( employee_id, manager_id, first_name, last_name, title, salary) VALUES
(  1, NULL, 'James', 'Smith', 'CEO', 800000);
     
INSERT INTO more_employees ( employee_id, manager_id, first_name, last_name, title, salary) VALUES
(  2, 1, 'Ron', 'Johnson', 'Sales Manager', 600000);

INSERT INTO more_employees ( employee_id, manager_id, first_name, last_name, title, salary) VALUES
(  3, 2, 'Fred', 'Hobbs', 'Sales Person', 200000);

INSERT INTO more_employees ( employee_id, manager_id, first_name, last_name, title, salary) VALUES
(  4, 1, 'Susan', 'Jones', 'Support Manager', 500000);

INSERT INTO more_employees ( employee_id, manager_id, first_name, last_name, title, salary) VALUES
(  5, 2, 'Rob', 'Green', 'Sales Person', 40000);

INSERT INTO more_employees ( employee_id, manager_id, first_name, last_name, title, salary) VALUES
(  6, 4, 'Jane', 'Brown', 'Support Person', 45000);

INSERT INTO more_employees ( employee_id, manager_id, first_name, last_name, title, salary) VALUES
 (  7, 4, 'John', 'Grey', 'Support Manager', 30000);

INSERT INTO more_employees ( employee_id, manager_id, first_name, last_name, title, salary) VALUES
(  8, 7, 'Jean', 'Blue', 'Support Person', 29000);

INSERT INTO more_employees ( employee_id, manager_id, first_name, last_name, title, salary) VALUES
 (  9, 6, 'Henry', 'Heyson', 'Support Person', 30000);

INSERT INTO more_employees (  employee_id, manager_id, first_name, last_name, title, salary) VALUES 
  (  10, 1, 'Kevin', 'Black', 'Ops Manager', 100000);

INSERT INTO more_employees ( employee_id, manager_id, first_name, last_name, title, salary) VALUES
 ( 11, 10, 'Keith', 'Long', 'Ops Person', 50000);

INSERT INTO more_employees ( employee_id, manager_id, first_name, last_name, title, salary) VALUES 
(  12, 10, 'Frank', 'Howard', 'Ops Person', 45000);

INSERT INTO more_employees (  employee_id, manager_id, first_name, last_name, title, salary) VALUES 
(  13, 10, 'Doreen', 'Penn', 'Ops Person', 47000);

-- commit the transaction
COMMIT;

select * from more_employees;
describe more_employees;


select * from product_types;


CREATE TABLE more_products (
  prd_id INTEGER PRIMARY KEY,
  prd_type_id INTEGER
    REFERENCES product_types(product_type_id),
  name VARCHAR(30) NOT NULL,
  available CHAR(1)
);

-- insert sample data into more_products table

INSERT INTO more_products (  prd_id, prd_type_id, name, available) VALUES (  1, 1, 'Modern Science', 'Y');
INSERT INTO more_products (  prd_id, prd_type_id, name, available) VALUES (  2, 1, 'Chemistry', 'Y');
INSERT INTO more_products (  prd_id, prd_type_id, name, available) VALUES (  3, NULL, 'Supernova', 'N');
INSERT INTO more_products (  prd_id, prd_type_id, name, available) VALUES (  4, 2, 'Lunar Landing', 'N');
INSERT INTO more_products ( prd_id, prd_type_id, name, available) VALUES ( 5, 2, 'Submarine', 'Y');
describe product_types;


select product_id, product_type_id, name from products
union all
select prd_id, prd_type_id, name from more_products
order by 1;


select product_id, product_type_id, name from products
union
select prd_id, prd_type_id, name from more_products
order by 1;

select * from more_products;

select product_id, product_type_id, name, price from products
union
select prd_id, prd_type_id, name, 0 from more_products
order by 1;

select product_id, product_type_id, name, name from products
union
select prd_id, prd_type_id, name, '' from more_products
order by 1;

select * from more_products;

select name from more_products where name like '%d___';

select name, substring(name,-4,1)='d' from more_products;

select name from more_products where substr(name,-4,1)='d';

select lpad(name,20,'@') from more_products;

select rpad(name,20,'@') from more_products;

select trim(name) from more_products;

select trim('     ayush     ') from dual;
select rtrim('ayush           ') from dual;
select ltrim('         ayush') from dual; 

select * from more_employees, more_products;

show tables;
describe product_types;

select product_type_id, name from product_types;

describe products;

select product_id, product_type_id, name, description, price from products;

select * from product_types, products;
-- cartision product / coress product
select p.product_id, p.product_type_id,pt.name, p.name, p.description, p.price from products p, product_types pt; 

select p.product_id, p.product_type_id,pt.name, p.name, p.description, p.price from products p, product_types pt where p.product_type_id = pt.product_type_id; 

select p.product_id, p.product_type_id, pt.name, p.name, p.description, p.price from products p inner join product_types pt on p.product_type_id = pt.product_type_id; 

-- update products set product_type_id =  
use takehome;
select * from jobs;
select max_salary - min_salary from jobs group by job_title  like '%Manager' or job_title like '%Clerk';
